name,first_last_name,second_last_name,sex,dob,family_roll
Diana,Pérez,Romero,F,6/5/1967,Madre
Carolina,Camacho,Romero,F,31/03/1971,Madre
Maribel,Maldonado,Romero,F,7/8/1971,Madre
Ersuli,Ledezma,Romero,F,21/11/1972,Madre
Verónica Saloma,Colin,Romero,F,28/05/1973,Madre
Adela,Guzmán,Romero,F,13/12/1973,Madre
Susana,Rosales,Romero,F,11/6/1974,Madre
María de la Luz,Sánchez,Romero,F,2/8/1974,Madre
Diana,Martínez,Romero,F,20/04/1975,Madre
Elisa,Segura,Romero,F,9/10/1977,Madre
Nancy,Moysén,Romero,F,29/12/1977,Madre
Diana,Ruíz,Romero,F,1/5/1978,Madre
Adriana,González,Romero,F,21/11/1978,Madre
María Luisa,Olivos,Romero,F,21/05/1980,Madre
Mireya,Guzmán,Romero,F,22/08/1981,Madre
Dolores,Aguilar,Romero,F,2/4/1982,Madre
Daisy Kenia,Hernández,Romero,F,9/5/1982,Madre
Inguer,Resendiz,Romero,F,6/6/1983,Madre
Elsa,Rosales,Romero,F,6/4/1984,Madre
Ivonne,Ramírez,Romero,F,14/08/1984,Madre
Judith,Romero,Romero,F,6/3/1967,Abuela Materna
Wendolyne,Loeza,Camacho,F,8/4/1997,Hija
Elizabeth,Maldonado,Hernández,F,28/01/1969,Tia
Hortensia,López,Rivas,F,3/9/1952,Abuela
Uriel,Polo,Guzmán,M,1/3/1995,Tio
Margarita,Sánchez,Sánchez,F,27/08/1942,Abuela Materna
Ma. Del Carmen,Rodríguez,Martínez,F,18/07/1952,Abuela Materna
Zita,Romero,Hurtado,F,2/2/2000,Abuela Materna
Isac,De la Cruz,Segura,M,10/2/1996,Tio
Ma. De los Ángeles,López,Sánchez,F,5/7/1950,Abuela Paterna
Margarita,González,Palomino,F,6/11/1952,Abuela Materna
Juana,Acevedo,González,F,15/04/1961,Abuela Materna
Cyntia,Morán,Herrera,F,25/09/1973,Amiga
Antonia,Rosales,Arias,M,17/01/1977,Tio
Romelia,Bustamante,XXXX,F,21/11/1962,Abuela Materna
Miguel,Benítez,Flores,M,6/11/1989,Padre
Juan Carlos,Loeza,Jiménez,M,6/9/1971,Padre
Arturo,Hernández,Sánchez,M,9/5/1984,Padre
Juan,Leal,Aguado,M,27/01/1962,Padre
Oziel,Muciño,Gutiérrez,M,13/11/1972,Padre
Vicente,Polo,Trejo,M,13/12/1975,Padre
Emmanuel Roberto,Castillo,Gea,M,28/05/1981,Padre
Tomas,Mejía,Moctezuma,M,25/07/1972,Padre
Mario,Alejandres,Parra,M,5/3/1974,Padre
Martín,De la Cruz,Galicia,M,5/9/1974,Padre
José Luis,Hernández,Acosta,M,28/01/1976,Padre
Jesús Euller,Bello,González,M,20/08/1977,Padre
Iván,González,Mancilla,M,21/10/1978,Padre
Iván,Gutiérrez,Navarrete,M,24/06/1977,Padre
Juan Carlos,Montes de Oca,Morales,M,7/1/1981,Padre
Esteban,Guadarrama,Pérez,M,3/8/1981,Padre
Alejandro,Hernández,Pérez,M,8/6/1982,Padre
José Alberto,García,García,M,2/3/1976,Padre
Florimon,Gutiérrez,Cervantes,M,5/1/1983,Padre
Fernando,Castillo,Flores,M,6/9/1984,Padre
Saúl Alejandro,Benítez,Pérez,M,22/08/2011,Hijo
Dulce María,Loeza,Camacho,F,30/08/2010,Hija
Lizmary Natalia,Hernández,Maldonado,M,5/9/2012,Hija
Andrés Leonel,Leal,Ledezma,F,26/09/2011,Hija
Alonso Genaro,Muciño,Colin,M,13/07/1994,Hijo
Sebastián,Polo,Guzmán,M,29/04/2010,Hijo
Samantha,Castillo,Gea,F,7/6/2012,Hija
Mateo,Mejía,Sánchez,M,14/04/2012,Hijo
Abigail,Alejandres,Martínez,F,11/1/2007,Hija
Santiago,De la Cruz,Segura,M,4/12/2009,Hijo
Anne,Hernández,Moysén,F,18/06/2010,Hija
Jacob,Bello,Ruíz,M,7/1/2011,Hijo
Montserrat,López,González,F,30/10/2011,Hija
Noé Matoshi,Gutiérrez,Olivos,M,5/12/2010,Hijo
Carlos Alberto,Montes de Oca,Guzmán,M,2/3/2012,Hijo
Jesús,Guadarrama,Aguilar,M,24/11/2012,Hijo
Jonathan Abdiel,Hernández,Acevedo,M,18/11/2011,Hijo
Kendra Ximena,García,Resendiz,F,25/02/2012,Hija
Lesly Gabriela,Gutiérrez,Rosales,F,21/06/2011,Hija
Sayuri,Castillo,Ramírez,F,8/5/2009,Hija
Juan Carlos,Loeza,Camacho,M,7/2/2003,Hijo
Victor Gerardo,Leal,Ledezma,M,3/6/2009,Hijo
Ivon,Muciño,Colin,F,13/12/1999,Hija
César,Polo,Guzmán,M,31/03/1998,Hijo
Javier,Alejandres,Parra,M,7/4/2011,Hijo
Paulina,De la Cruz,Segura,F,30/11/2011,Hija
Daniel,López,González,M,8/7/2008,Hijo
Vanessa,Gutiérrez,Rosales,F,5/10/2002,Hija
Fernando Yael,Castillo,Ramírez,M,14/08/2008,Hijo
Wendolyne,Loeza,Camacho,F,4/8/1997,Hija
Alonso Genaro,Muciño,Colin,M,18/12/2010,Hijo
Uriel,Polo,Hernández,M,1/3/1995,Hijo
Alejandro,Gutiérrez,Rosales,M,26/05/2001,Hijo